﻿<?xml version="1.0" encoding="UTF-8"?>  
<beans xmlns="http://www.springframework.org/schema/beans"  
    xmlns:xsi="http://www.w3.org/2001/XMLSchema-instance" xmlns:p="http://www.springframework.org/schema/p"  
    xmlns:context="http://www.springframework.org/schema/context"  
    xmlns:mvc="http://www.springframework.org/schema/mvc"  
    xsi:schemaLocation="http://www.springframework.org/schema/beans    
                        http://www.springframework.org/schema/beans/spring-beans-3.1.xsd    
                        http://www.springframework.org/schema/context    
                        http://www.springframework.org/schema/context/spring-context-3.1.xsd    
                        http://www.springframework.org/schema/mvc    
                        http://www.springframework.org/schema/mvc/spring-mvc-4.0.xsd">  
    <!-- 自动扫描 -->  
    <context:component-scan base-package="pay.com.ccytsoft.*" />  
    
    <!-- 引入配置文件 -->  
    <bean id="propertyConfigurer"  
        class="org.springframework.beans.factory.config.PropertyPlaceholderConfigurer">  
        <property name="location" value="classpath:jdbc.properties" />  
    </bean>  
   <bean id="dataSource" class="com.alibaba.druid.pool.DruidDataSource"
		init-method="init" destroy-method="close">
		<property name="driverClassName" value="${jdbc_driverClassName}"/>
		<property name="url" value="${jdbc_url}" />
		<property name="username" value="${jdbc_username}" />
		<property name="password" value="${jdbc_password}" />
		<property name="filters" value="${cpool.filters}" />
		<property name="maxActive" value="${cpool.maxPoolSize}" />
		<property name="initialSize" value="${cpool.minPoolSize}" />
		<property name="maxWait" value="${cpool.maxWait}" />
		<property name="minIdle" value="${cpool.minPoolSize}" />
		<property name="timeBetweenEvictionRunsMillis" value="${cpool.idleConnectionTestPeriod}" />
		<property name="validationQuery" value="${cpool.validationQuery}" />
		<property name="testWhileIdle" value="${cpool.testWhileIdle}" />
		<property name="testOnBorrow" value="${cpool.testOnBorrow}" />
		<property name="testOnReturn" value="${cpool.testOnReturn}" />
		<property name="breakAfterAcquireFailure" value="${cpool.breakAfterAcquireFailure}" />
	</bean>  
  
    <!-- spring和MyBatis完美整合，不需要mybatis的配置映射文件 -->  
<!--     <bean id="sqlSessionFactory" class="org.mybatis.spring.SqlSessionFactoryBean">  
        <property name="dataSource" ref="dataSource" />  
        自动扫描mapping.xml文件  
		<property name="mapperLocations" value="com.ccytsoft.Dao*Mapper.xml" />
		<property name="typeAliasesPackage" value="com.ccytsoft.Model" />
    </bean>  --> 
  
    <!-- DAO接口所在包名，Spring会自动查找其下的类 -->  
<!--     <bean class="org.mybatis.spring.mapper.MapperScannerConfigurer">  
        <property name="basePackage" value="com.ccytsoft.Dao" />
        <property name="sqlSessionFactoryBeanName" value="sqlSessionFactory"></property>  
    </bean>   -->
  
    <!-- (事务管理)transaction manager, use JtaTransactionManager for global tx -->  
<!--     <bean id="transactionManager"  
        class="org.springframework.jdbc.datasource.DataSourceTransactionManager">  
        <property name="dataSource" ref="dataSource" />  
    </bean>  
	JDBC处理模版，该类是对JDBC一些增删改查操作的封装。
	<bean id="jdbcTemplate"
		class="org.springframework.jdbc.core.namedparam.NamedParameterJdbcTemplate">
		<constructor-arg ref="dataSource" />
	</bean>   -->
</beans>