<?xml version="1.0" encoding="UTF-8"?>
<beans xmlns="http://www.springframework.org/schema/beans"
	xmlns:xsi="http://www.w3.org/2001/XMLSchema-instance" xmlns:mvc="http://www.springframework.org/schema/mvc"
	xmlns:context="http://www.springframework.org/schema/context"
	xmlns:aop="http://www.springframework.org/schema/aop" xmlns:tx="http://www.springframework.org/schema/tx"
	xsi:schemaLocation="http://www.springframework.org/schema/beans 
                        http://www.springframework.org/schema/beans/spring-beans-3.2.xsd 
                        http://www.springframework.org/schema/mvc 
                        http://www.springframework.org/schema/mvc/spring-mvc-3.2.xsd 
                        http://www.springframework.org/schema/context 
                        http://www.springframework.org/schema/context/spring-context-3.2.xsd 
                        http://www.springframework.org/schema/aop 
                        http://www.springframework.org/schema/aop/spring-aop-3.2.xsd 
                        http://www.springframework.org/schema/tx 
                        http://www.springframework.org/schema/tx/spring-tx-3.2.xsd">
	<!-- 自动扫描该包 -->
	<context:component-scan base-package="pay.com.ccytsoft.Controller" />
	<mvc:annotation-driven />
	<!-- 加载配置项 -->
	<bean id="config"
		class="org.springframework.beans.factory.config.PropertyPlaceholderConfigurer">
		<property name="fileEncoding" value="utf-8" />
		<property name="locations">
			<list>
				<value>classpath:jdbc.properties</value>
				<value>classpath:log4j.properties</value>
			</list>
		</property>
	</bean>
	<!-- 对模型视图名称的解析，即在模型视图名称添加前后缀 -->
	<bean
		class="org.springframework.web.servlet.view.InternalResourceViewResolver">
		<property name="prefix" value="/WEB-INF/jsp/" />
		<property name="suffix" value=".jsp" />
	</bean>
	<bean id="multipartResolver"
		class="org.springframework.web.multipart.commons.CommonsMultipartResolver">
		<!-- 默认编码 -->
		<property name="defaultEncoding" value="utf-8" />
		<!-- 文件大小最大值 -->
		<property name="maxUploadSize" value="10485760000" />
		<!-- 内存中的最大值 -->
		<property name="maxInMemorySize" value="40960" />
		<!-- 启用是为了推迟文件解析，以便捕获文件大小异常 -->
		<property name="resolveLazily" value="true" />
	</bean>
	<!-- 这里处理 json 的转换 -->

	<bean
		class="org.springframework.web.servlet.mvc.annotation.AnnotationMethodHandlerAdapter">
		<property name="messageConverters">
			<list>
				<ref bean="mappingJacksonHttpMessageConverter" />
			</list>
		</property>
	</bean>
	<bean id="mappingJacksonHttpMessageConverter"
		class="org.springframework.http.converter.json.MappingJacksonHttpMessageConverter">
		<property name="supportedMediaTypes">
			<list>
				<value>text/html;charset=UTF-8</value>
			</list>
		</property>
	</bean>


</beans>